id,type,attack_id,attack_name,attack_description
attack-pattern--008b8f56-6107-48be-aa9f-746f927dbb61,['ics-attack'],['T0803'],Block Command Message,adversaries may block a command message from reaching its intended target to prevent command execution  in ot networks  command messages are sent to provide instructions to control system devices  a blocked command message can inhibit response functions from correcting a disruption or unsafe condition   citation  bonnie zhu  anthony joseph  shankar sastry         citation  electricity information sharing and analysis center  sans industrial control systems march      
attack-pattern--063b5b92-5361-481a-9c3f-95492ed9a2d8,['ics-attack'],['T0881'],Service Stop,adversaries may stop or disable services on a system to render those services unavailable to legitimate users  stopping critical services can inhibit or stop response to an incident or aid in the adversary's overall objectives to cause damage to the environment   citation  enterprise att ck   services may not allow for modification of their data stores while running  adversaries may stop services in order to conduct data destruction   citation  enterprise att ck 
attack-pattern--097924ce-a9a9-4039-8591-e0deedfb8722,['ics-attack'],['T0836'],Modify Parameter,adversaries may modify parameters used to instruct industrial control system devices  these devices operate via programs that dictate how and when to perform actions based on such parameters  such parameters can determine the extent to which an action is performed and may specify additional options  for example  a program on a control system device dictating motor processes may take a parameter defining the total number of seconds to run that motor         an adversary can potentially modify these parameters to produce an outcome outside of what was intended by the operators  by modifying system and process critical parameters  the adversary may cause  to equipment and or control processes  modified parameters may be turned into dangerous  out of bounds  or unexpected values from typical operations  for example  specifying that a process run for more or less time than it should  or dictating an unusually high  low  or invalid value as a parameter_  in the maroochy shire attack  the adversary gained remote computer access to the control system and altered data so that whatever function should have occurred at affected pumping stations did not occur or occurred in a different way  the software program installed in the laptop was one developed for changing configurations in the pds computers  this ultimately led to         liters of raw sewage being spilled out into the community_ citation  marshall abrams july      
attack-pattern--09a61657-46e1-439e-b3ed-3e4556a78243,['ics-attack'],['T0821'],Modify Controller Tasking,adversaries may modify the tasking of a controller to allow for the execution of their own programs  this can allow an adversary to manipulate the execution flow and behavior of a controller    according to          the association of a task with a program organization unit  pou  defines a task association   citation  iec february       an adversary may modify these associations or create new ones to manipulate the execution flow of a controller  modification of controller tasking can be accomplished using a program download in addition to other types of program modification such as online edit and program append_  tasks have properties  such as interval  frequency and priority to meet the requirements of program execution  some controller vendors implement tasks with implicit  pre defined properties whereas others allow for these properties to be formulated explicitly  an adversary may associate their program with tasks that have a higher priority or execute associated programs more frequently  for instance  to ensure cyclic execution of their program on a siemens controller  an adversary may add their program to the task  organization block    ob   
attack-pattern--0fe075d5-beac-4d02-b93e-0f874997db72,['ics-attack'],['T0887'],Wireless Sniffing,adversaries may seek to capture radio frequency  rf  communication used for remote control and reporting in distributed environments  rf communication frequencies vary between   khz to     ghz  although are commonly between     mhz to   ghz   citation  candell  r_  hany  m_  lee  k  b_  liu y_  quimby  j_  remley  k  april        the wavelength and frequency of the signal affect how the signal propagates through open air  obstacles  e_g  walls and trees  and the type of radio required to capture them  these characteristics are often standardized in the protocol and hardware and may have an effect on how the signal is captured  some examples of wireless protocols that may be found in cyber physical environments are  wirelesshart  zigbee  wia fa  and     mhz public safety spectrum    adversaries may capture rf communications by using specialized hardware  such as software defined radio  sdr   handheld radio  or a computer with radio demodulator tuned to the communication frequency   citation  bastille april       information transmitted over a wireless medium may be captured in transit whether the sniffing device is the intended destination or not  this technique may be particularly useful to an adversary when the communications are not encrypted   citation  gallagher  s  april         in the      dallas siren incident  it is suspected that adversaries likely captured wireless command message broadcasts on a     mhz frequency during a regular test of the system  these messages were later replayed to trigger the alarm systems   citation  gallagher  s  april      
attack-pattern--138979ba-0430-4de6-a128-2fc0b056ba36,['ics-attack'],['T0829'],Loss of View,adversaries may cause a sustained or permanent loss of view where the ics equipment will require local  hands on operator intervention  for instance  a restart or manual operation  by causing a sustained reporting or visibility loss  the adversary can effectively hide the present state of operations  this loss of view can occur without affecting the physical processes themselves    citation  michael j  assante and robert m  lee   citation  tyson macaulay 
attack-pattern--19a71d1e-6334-4233-8260-b749cae37953,['ics-attack'],['T0800'],Activate Firmware Update Mode,adversaries may activate firmware update mode on devices to prevent expected response functions from engaging in reaction to an emergency or process malfunction  for example  devices such as protection relays may have an operation mode designed for firmware installation  this mode may halt process monitoring and related functions to allow new firmware to be loaded  a device left in update mode may be placed in an inactive holding state if no firmware is provided to it  by entering and leaving a device in this mode  the adversary may deny its usual functionalities 
attack-pattern--1af9e3fd-2bcc-414d-adbd-fe3b95c02ca1,['ics-attack'],['T0831'],Manipulation of Control,adversaries may manipulate physical process control within the industrial environment  methods of manipulating control can include changes to set point values  tags  or other parameters  adversaries may manipulate control systems devices or possibly leverage their own  to communicate with and command physical control processes  the duration of manipulation may be temporary or longer sustained  depending on operator detection      methods of manipulation of control include      man in the middle     spoof command message    changing setpoints    a polish student used a remote controller device to interface with the lodz city tram system in poland   citation  john bill may        citation  shelley smith february        citation  bruce schneier january       using this remote  the student was able to capture and replay legitimate tram signals  as a consequence  four trams were derailed and twelve people injured due to resulting emergency stops   citation  shelley smith february       the track controlling commands issued may have also resulted in tram collisions  a further risk to those on board and nearby the areas of impact   citation  bruce schneier january      
attack-pattern--1b22b676-9347-4c55-9a35-ef0dc653db5b,['ics-attack'],['T0814'],Denial of Service,adversaries may perform denial of service  dos  attacks to disrupt expected device functionality  examples of dos attacks include overwhelming the target device with a high volume of requests in a short time period and sending the target device a request it does not know how to handle  disrupting device state may temporarily render it unresponsive  possibly lasting until a reboot can occur  when placed in this state  devices may be unable to send and receive requests  and may not perform expected response functions in reaction to other events in the environment    some ics devices are particularly sensitive to dos events  and may become unresponsive in reaction to even a simple ping sweep  adversaries may also attempt to execute a permanent denial of service  pdos  against certain devices  such as in the case of the brickerbot malware   citation  ics cert april         adversaries may exploit a software vulnerability to cause a denial of service by taking advantage of a programming error in a program  service  or within the operating system software or kernel itself to execute adversary controlled code  vulnerabilities may exist in software that can be used to cause a denial of service condition    adversaries may have prior knowledge about industrial protocols or control devices used in the environment through  remote system information  there are examples of adversaries remotely causing a  device  by exploiting a vulnerability that induces uncontrolled resource consumption   citation  ics cert august        citation  common weakness enumeration january        citation  mitre march         in the maroochy shire attack  the adversary shut an investigator out of the network_ citation  marshall abrams july      
attack-pattern--1c478716-71d9-46a4-9a53-fa5d576adb60,['ics-attack'],['T0805'],Block Serial COM,adversaries may block access to serial com to prevent instructions or configurations from reaching target devices  serial communication ports  com  allow communication with control system devices  devices can receive command and configuration messages over such serial com  devices also use serial com to send command and reporting messages  blocking device serial com may also block command messages and block reporting messages    a serial to ethernet converter is often connected to a serial com to facilitate communication between serial and ethernet devices  one approach to blocking a serial com would be to create and hold open a tcp session with the ethernet side of the converter  a serial to ethernet converter may have a few ports open to facilitate multiple communications  for example  if there are three serial com available         and       the converter might be listening on the corresponding ports               and        if a tcp ip connection is opened with one of these ports and held open  then the port will be unavailable for use by another party  one way the adversary could achieve this would be to initiate a tcp session with the serial to ethernet converter at   _ _ _  via telnet on serial port   with the following command  telnet   _ _ _        
attack-pattern--23270e54-1d68-4c3b-b763-b25607bcef80,['ics-attack'],['T0850'],Role Identification,adversaries may perform role identification of devices involved with physical processes of interest in a target control system  control systems devices often work in concert to control a physical process  each device can have one or more roles that it performs within that control process  by collecting this role based data  an adversary can construct a more targeted attack_  for example  a power generation plant may have unique devices such as one that monitors power output of a generator and another that controls the speed of a turbine  examining devices roles allows the adversary to observe how the two devices work together to monitor and control a physical process  understanding the role of a target device can inform the adversary's decision on what action to take  in order to cause impact and influence or disrupt the integrity of operations  furthermore  an adversary may be able to capture control system protocol traffic  by studying this traffic  the adversary may be able to determine which devices are outstations  and which are masters  understanding of master devices and their role within control processes can enable the use of rogue master device
attack-pattern--24a9253e-8948-4c98-b751-8e2aee53127c,['ics-attack'],['T0807'],Command-Line Interface,adversaries may utilize command line interfaces  clis  to interact with systems and execute commands  clis provide a means of interacting with computer systems and are a common feature across many types of platforms and devices within control systems environments   citation  enterprise att ck january       adversaries may also use clis to install and run new software  including malicious tools that may be installed over the course of an operation_  clis are typically accessed locally  but can also be exposed via services  such as ssh  telnet  and rdp   commands that are executed in the cli execute with the current permissions level of the process running the terminal emulator  unless the command specifies a change in permissions context  many controllers have cli interfaces for management purposes 
attack-pattern--25852363-5968-4673-b81d-341d5ed90bd1,['ics-attack'],['T0861'],Point & Tag Identification,adversaries may collect point and tag values to gain a more comprehensive understanding of the process environment  points may be values such as inputs  memory locations  outputs or other process specific variables   citation  dennis l  sloatman september       tags are the identifiers given to points for operator convenience    collecting such tags provides valuable context to environmental points and enables an adversary to map inputs  outputs  and other values to their control processes  understanding the points being collected may inform an adversary on which processes and values to keep track of over the course of an operation 
attack-pattern--25dfc8ad-bd73-4dfd-84a9-3c3d383f76e9,['ics-attack'],['T0816'],Device Restart/Shutdown,adversaries may forcibly restart or shutdown a device in an ics environment to disrupt and potentially negatively impact physical processes  methods of device restart and shutdown exist in some devices as built in  standard functionalities  these functionalities can be executed using interactive device web interfaces  clis  and network protocol commands_  unexpected restart or shutdown of control system devices may prevent expected response functions happening during critical states_  a device restart can also be a sign of malicious device modifications  as many updates require a shutdown in order to take effect 
attack-pattern--2736b752-4ec5-4421-a230-8977dea7649c,['ics-attack'],['T0863'],User Execution,adversaries may rely on a targeted organizations user interaction for the execution of malicious code  user interaction may consist of installing applications  opening email attachments  or granting higher permissions to documents    adversaries may embed malicious code or visual basic code into files such as microsoft word and excel documents or software installers   citation  booz allen hamilton  execution of this code requires that the user enable scripting or write access within the document  embedded code may not always be noticeable to the user especially in cases of trojanized software   citation  daavid hentunen  antti tikkanen june         a chinese spearphishing campaign running from december         through february          delivered malware through spearphishing attachments which required user action to achieve execution   citation  cisa aa      a pipeline intrusion july      
attack-pattern--2877063e-1851-48d2-bcc6-bc1d2733157e,['ics-attack'],['T0860'],Wireless Compromise,adversaries may perform wireless compromise as a method of gaining communications and unauthorized access to a wireless network  access to a wireless network may be gained through the compromise of a wireless device   citation  alexander bolshev  gleb cherbov july        citation  alexander bolshev march       adversaries may also utilize radios and other wireless communication devices on the same frequency as the wireless network  wireless compromise can be done as an initial access vector from a remote distance    in the maroochy shire attack  the adversary used a two way radio to communicate with and set the frequencies of maroochy shire's repeater stations_ citation  marshall abrams july        a polish student used a modified tv remote controller to gain access to and control over the lodz city tram system in poland   citation  john bill may        citation  shelley smith february       the remote controller device allowed the student to interface with the trams network to modify track settings and override operator control  the adversary may have accomplished this by aligning the controller to the frequency and amplitude of ir control protocol signals   citation  bruce schneier january       the controller then enabled initial access to the network  allowing the capture and replay of tram signals   citation  john bill may      
attack-pattern--2883c520-7957-46ca-89bd-dab1ad53b601,['ics-attack'],['T0858'],Change Operating Mode,adversaries may change the operating mode of a controller to gain additional access to engineering functions such as program download    programmable controllers typically have several modes of operation that control the state of the user program and control access to the controllers api  operating modes can be physically selected using a key switch on the face of the controller but may also be selected with calls to the controllers api  operating modes and the mechanisms by which they are selected often vary by vendor and product line  some commonly implemented operating modes are described below       program   this mode must be enabled before changes can be made to a devices program  this allows program uploads and downloads between the device and an engineering workstation  often the plcs logic is halted  and all outputs may be forced off   citation  n_a  october           run   execution of the devices program occurs in this mode  input and output  values  points  tags  elements  etc_  are monitored and used according to the programs logic   program  and  program  are disabled while in this mode    citation  machine information systems         citation  n_a  october        citation  plcgurus            remote   allows for remote changes to a plcs operation mode   citation  plcgurus             stop   the plc and program is stopped  while in this mode  outputs are forced off   citation  machine information systems            reset   conditions on the plc are reset to their original states  warm resets may retain some memory while cold resets will reset all i o and data registers   citation  machine information systems            test   monitor mode   similar to run mode  i o is processed  although this mode allows for monitoring  force set  resets  and more generally tuning or debugging of the system  often monitor mode may be used as a trial for initialization 
attack-pattern--2900bbd8-308a-4274-b074-5b8bde8347bc,['ics-attack'],['T0878'],Alarm Suppression,adversaries may target protection function alarms to prevent them from notifying operators of critical conditions  alarm messages may be a part of an overall reporting system and of particular interest for adversaries  disruption of the alarm system does not imply the disruption of the reporting system as a whole_  a secura presentation on targeting ot notes a dual fold goal for adversaries attempting alarm suppression  prevent outgoing alarms from being raised and prevent incoming alarms from being responded to   citation  jos wetzels  marina krotofil       the method of suppression may greatly depend on the type of alarm in question       an alarm raised by a protocol message    an alarm signaled with i o    an alarm bit set in a flag  and read    in ics environments  the adversary may have to suppress or contend with multiple alarms and or alarm propagation to achieve a specific goal to evade detection or prevent intended responses from occurring   citation  jos wetzels  marina krotofil        methods of suppression may involve tampering or altering device displays and logs  modifying in memory code to fixed values  or even tampering with assembly level instruction code_  in the maroochy shire attack  the adversary suppressed alarm reporting to the central computer_ citation  marshall abrams july      
attack-pattern--2aa406ed-81c3-4c1d-ba83-cfbee5a2847a,['ics-attack'],['T0868'],Detect Operating Mode,adversaries may gather information about a plcs or controllers current operating mode  operating modes dictate what change or maintenance functions can be manipulated and are often controlled by a key switch on the plc  e_g_   run  prog  program   and remote   knowledge of these states may be valuable to an adversary to determine if they are able to reprogram the plc  operating modes and the mechanisms by which they are selected often vary by vendor and product line  some commonly implemented operating modes are described below       program   this mode must be enabled before changes can be made to a devices program  this allows program uploads and downloads between the device and an engineering workstation  often the plcs logic is halted  and all outputs may be forced off   citation  n_a  october           run   execution of the devices program occurs in this mode  input and output  values  points  tags  elements  etc_  are monitored and used according to the programs logic   program  and  program  are disabled while in this mode    citation  machine information systems         citation  n_a  october        citation  plcgurus            remote   allows for remote changes to a plcs operation mode   citation  plcgurus             stop   the plc and program is stopped  while in this mode  outputs are forced off   citation  machine information systems            reset   conditions on the plc are reset to their original states  warm resets may retain some memory while cold resets will reset all i o and data registers   citation  machine information systems            test   monitor mode   similar to run mode  i o is processed  although this mode allows for monitoring  force set  resets  and more generally tuning or debugging of the system  often monitor mode may be used as a trial for initialization 
attack-pattern--2bb4d762-bf4a-4bc3-9318-15cc6a354163,['ics-attack'],['T0837'],Loss of Protection,adversaries may compromise protective system functions designed to prevent the effects of faults and abnormal conditions  this can result in equipment damage  prolonged process disruptions and hazards to personnel    many faults and abnormal conditions in process control happen too quickly for a human operator to react to  speed is critical in correcting these conditions to limit serious impacts such as loss of control and property damage    adversaries may target and disable protective system functions as a prerequisite to subsequent attack execution or to allow for future faults and abnormal conditions to go unchecked  detection of a loss of protection by operators can result in the shutdown of a process due to strict policies regarding protection systems  this can cause a loss of productivity and revenue and may meet the technical goals of adversaries seeking to cause process disruptions 
attack-pattern--2d0d40ad-22fa-4cc8-b264-072557e1364b,['ics-attack'],['T0801'],Monitor Process State,adversaries may gather information about the physical process state  this information may be used to gain more information about the process itself or used as a trigger for malicious actions  the sources of process state information may vary such as  opc tags  historian data  specific plc block information  or network traffic 
attack-pattern--2dc2b567-8821-49f9-9045-8740f3d0b958,['ics-attack'],['T0853'],Scripting,adversaries may use scripting languages to execute arbitrary code in the form of a pre written script or in the form of user supplied code to an interpreter  scripting languages are programming languages that differ from compiled languages  in that scripting languages use an interpreter  instead of a compiler  these interpreters read and compile part of the source code just before it is executed  as opposed to compilers  which compile each and every line of code to an executable file  scripting allows software developers to run their code on any system where the interpreter exists  this way  they can distribute one package  instead of precompiling executables for many different systems  scripting languages  such as python  have their interpreters shipped as a default with many linux distributions    in addition to being a useful tool for developers and administrators  scripting language interpreters may be abused by the adversary to execute code in the target environment  due to the nature of scripting languages  this allows for weaponized code to be deployed to a target easily  and leaves open the possibility of on the fly scripting to perform a task 
attack-pattern--2fedbe69-581f-447d-8a78-32ee7db939a9,['ics-attack'],['T0888'],Remote System Information Discovery,an adversary may attempt to get detailed information about remote systems and their peripherals  such as make model  role  and configuration  adversaries may use information from remote system information discovery to aid in targeting and shaping follow on behaviors  for example  the systems operational role and model information can dictate whether it is a relevant target for the adversary's operational objectives  in addition  the systems configuration may be used to scope subsequent technique usage    requests for system information are typically implemented using automation and management protocols and are often automatically requested by vendor software during normal operation  this information may be used to tailor management actions  such as program download and system or module firmware  an adversary may leverage this same information by issuing calls directly to the systems api 
attack-pattern--3067b85e-271e-4bc5-81ad-ab1a81d411e3,['ics-attack'],['T0845'],Program Upload,adversaries may attempt to upload a program from a plc to gather information about an industrial process  uploading a program may allow them to acquire and study the underlying logic  methods of program upload include vendor software  which enables the user to upload and read a program running on a plc  this software can be used to upload the target program to a workstation  jump box  or an interfacing device 
attack-pattern--32632a95-6856-47b9-9ab7-fea5cd7dce00,['ics-attack'],['T0819'],Exploit Public-Facing Application,adversaries may leverage weaknesses to exploit internet facing software for initial access into an industrial network  internet facing software may be user applications  underlying networking implementations  an assets operating system  weak defenses  etc  targets of this technique may be intentionally exposed for the purpose of remote management and visibility_  an adversary may seek to target public facing applications as they may provide direct access into an ics environment or the ability to move into the ics network  publicly exposed applications may be found through online tools that scan the internet for open ports and services  version numbers for the exposed application may provide adversaries an ability to target specific known vulnerabilities  exposed control protocol or remote access ports found in commonly used port may be of interest by adversaries 
attack-pattern--3405891b-16aa-4bd7-bd7c-733501f9b20f,['ics-attack'],['T0811'],Data from Information Repositories,adversaries may target and collect data from information repositories  this can include sensitive data such as specifications  schematics  or diagrams of control system layouts  devices  and processes  examples of information repositories include reference databases or local machines in the process environment  as well as workstations and databases in the corporate network that might contain information about the ics_ citation  cybersecurity   infrastructure security agency march        information collected from these systems may provide the adversary with a better understanding of the operational environment  vendors used  processes  or procedures of the ics_  in a campaign between      and      against ong organizations  chinese state sponsored actors searched document repositories for specific information such as  system manuals  remote terminal unit  rtu  sites  personnel lists  documents that included the string scad   user credentials  and remote dial up access information   citation  cisa aa      a pipeline intrusion july      
attack-pattern--35392fb4-a31d-4c6a-b9f2-1c65b7f5e6b9,['ics-attack'],['T0864'],Transient Cyber Asset,adversaries may target devices that are transient across ics networks and external networks  normally  transient assets are brought into an environment by authorized personnel and do not remain in that environment on a permanent basis   citation  north american electric reliability corporation june       transient assets are commonly needed to support management functions and may be more common in systems where a remotely managed asset is not feasible  external connections for remote access do not exist  or  rd party contractor vendor access is required    adversaries may take advantage of transient assets in different ways  for instance  adversaries may target a transient asset when it is connected to an external network and then leverage its trusted access in another environment to launch an attack  they may also take advantage of installed applications and libraries that are used by legitimate end users to interact with control system devices    transient assets  in some cases  may not be deployed with a secure configuration leading to weaknesses that could allow an adversary to propagate malicious executable code  e_g_  the transient asset may be infected by malware and when connected to an ics environment the malware propagates onto other systems    in the maroochy shire attack  the adversary utilized a computer  possibly stolen  with proprietary engineering software to communicate with a wastewater system_ citation  marshall abrams july      
attack-pattern--36e9f5bc-ac13-4da4-a2f4-01f4877d9004,['ics-attack'],['T0835'],Manipulate I/O Image,adversaries may manipulate the i o image of plcs through various means to prevent them from functioning as expected  methods of i o image manipulation may include overriding the i o table via direct memory manipulation or using the override function used for testing plc programs   citation  dr  kelvin t  erickson december       during the scan cycle  a plc reads the status of all inputs and stores them in an image table   citation  nanjundaiah  vaidyanath  the image table is the plcs internal storage location where values of inputs outputs for one scan are stored while it executes the user program  after the plc has solved the entire logic program  it updates the output image table  the contents of this output image table are written to the corresponding output points in i o modules    one of the unique characteristics of plcs is their ability to override the status of a physical discrete input or to override the logic driving a physical output coil and force the output to a desired status 
attack-pattern--38213338-1aab-479d-949b-c81b66ccca5c,['ics-attack'],['T0842'],Network Sniffing,network sniffing is the practice of using a network interface on a computer system to monitor or capture information  citation  enterprise att ck january       regardless of whether it is the specified destination for the information    an adversary may attempt to sniff the traffic to gain information about the target  this information can vary in the level of importance  relatively unimportant information is general communications to and from machines   relatively important information would be login information  user credentials may be sent over an unencrypted protocol  such as telnet  that can be captured and obtained through network packet analysis    in addition  arp and domain name service  dns  poisoning can be used to capture credentials to websites  proxies  and internal systems by redirecting traffic to an adversary 
attack-pattern--3b6b9246-43f8-4c69-ad7a-2b11cfe0a0d9,['ics-attack'],['T0851'],Rootkit,adversaries may deploy rootkits to hide the presence of programs  files  network connections  services  drivers  and other system components  rootkits are programs that hide the existence of malware by intercepting and modifying operating system api calls that supply system information  rootkits or rootkit enabling functionality may reside at the user or kernel level in the operating system  or lower   citation  enterprise att ck january           firmware rootkits that affect the operating system yield nearly full control of the system  while firmware rootkits are normally developed for the main processing board  they can also be developed for the i o that is attached to an asset  compromise of this firmware allows the modification of all of the process variables and functions the module engages in  this may result in commands being disregarded and false information being fed to the main device  by tampering with device processes  an adversary may inhibit its expected response functions and possibly enable
attack-pattern--3de230d4-3e42-4041-b089-17e1128feded,['ics-attack'],['T0802'],Automated Collection,adversaries may automate collection of industrial environment information using tools or scripts  this automated collection may leverage native control protocols and tools available in the control systems environment  for example  the opc protocol may be used to enumerate and gather information  access to a system or interface with these native protocols may allow collection and enumeration of other attached  communicating servers and devices 
attack-pattern--3f1f4ccb-9be2-4ff8-8f69-dd972221169b,['ics-attack'],['T0804'],Block Reporting Message,adversaries may block or prevent a reporting message from reaching its intended target  in control systems  reporting messages contain telemetry data  e_g_  i o values  pertaining to the current state of equipment and the industrial process  by blocking these reporting messages  an adversary can potentially hide their actions from an operator_  blocking reporting messages in control systems that manage physical processes may contribute to system impact  causing inhibition of a response function  a control system may not be able to respond in a proper or timely manner to an event  such as a dangerous fault  if its corresponding reporting message is blocked   citation  bonnie zhu  anthony joseph  shankar sastry         citation  electricity information sharing and analysis center  sans industrial control systems march      
attack-pattern--40b300ba-f553-48bf-862e-9471b220d455,['ics-attack'],['T0855'],Unauthorized Command Message,adversaries may send unauthorized command messages to instruct control system assets to perform actions outside of their intended functionality  or without the logical preconditions to trigger their expected function  command messages are used in ics networks to give direct instructions to control systems devices  if an adversary can send an unauthorized command message to a control system  then it can instruct the control systems device to perform an action outside the normal bounds of the device's actions  an adversary could potentially instruct a control systems device to perform an action that will cause an   citation  bonnie zhu  anthony joseph  shankar sastry        in the maroochy shire attack  the adversary used a dedicated analog two way radio system to send false data and instructions to pumping stations and the central computer_ citation  marshall abrams july        in the dallas siren incident  adversaries were able to send command messages to activate tornado alarm systems across the city without an impending tornado or other disaster   citation  zack whittaker april        citation  benjamin freed march      
attack-pattern--493832d9-cea6-4b63-abe7-9a65a6473675,['ics-attack'],['T0809'],Data Destruction,adversaries may perform data destruction over the course of an operation  the adversary may drop or create malware  tools  or other non native files on a target system to accomplish this  potentially leaving behind traces of malicious activities  such non native files and other data may be removed over the course of an intrusion to maintain a small footprint or as a standard part of the post intrusion cleanup process   citation  enterprise att ck january        data destruction may also be used to render operator interfaces unable to respond and to disrupt response functions from occurring as expected  an adversary may also destroy data backups that are vital to recovery after an incident_  standard file deletion commands are available on most operating system and device interfaces to perform cleanup  but adversaries may use other tools as well  two examples are windows sysinternals sdelete and active  killdisk 
attack-pattern--4c2e1408-9d68-4187-8e6b-a77bc52700ec,['ics-attack'],['T0832'],Manipulation of View,adversaries may attempt to manipulate the information reported back to operators or controllers  this manipulation may be short term or sustained  during this time the process itself could be in a much different state than what is reported    citation  michael j  assante and robert m  lee   citation  tyson macaulay    operators may be fooled into doing something that is harmful to the system in a loss of view situation  with a manipulated view into the systems  operators may issue inappropriate control sequences that introduce faults or catastrophic failures into the system  business analysis systems can also be provided with inaccurate data leading to bad management decisions 
attack-pattern--50d3222f-7550-4a3c-94e1-78cb6c81d064,['ics-attack'],['T0810'],Data Historian Compromise,adversaries may compromise and gain control of a data historian to gain a foothold into the control system environment  access to a data historian may be used to learn stored database archival and analysis information on the control system  a dual homed data historian may provide adversaries an interface from the it environment to the ot environment    dragos has released an updated analysis on crashoverride that outlines the attack from the ics network breach to payload delivery and execution    citation  industroyer   dragos           the report summarized that crashoverride represents a new application of malware  but relied on standard intrusion techniques  in particular  new artifacts include references to a microsoft windows server      host  with a sql server  within the ics environment  such a database server can act as a data historian  dragos noted a device with this role should be  expected to have extensive connections  within the ics environment  adversary activity leveraged database capabilities to perform reconnaissance  including directory queries and network connectivity checks_  permissions required  administrator  contributors  joe slowik   dragos
attack-pattern--539d0484-fe95-485a-b654-86991c0d0d00,['ics-attack'],['T0841'],Network Service Scanning,network service scanning is the process of discovering services on networked systems   this can be achieved through a technique called port scanning or probing   port scanning interacts with the tcp ip ports on a target system to determine whether ports are open  closed  or filtered by a firewall   this does not reveal the service that is running behind the port  but since many common services are run on  specific port numbers   the type of service can be assumed   more in depth testing includes interaction with the actual service to determine the service type and specific version   one of the most popular tools to use for network service scanning is  nmap _  an adversary may attempt to gain information about a target device and its role on the network via network service scanning techniques  such as port scanning   network service scanning is useful for determining potential vulnerabilities in services on target devices   network service scanning is closely tied to _  scanning ports can be noisy on a network  in some attacks  adversaries probe for specific ports using custom tools  this was specifically seen in the triton and plc blaster attacks 
attack-pattern--53a26eee-1080-4d17-9762-2027d5a1b805,['ics-attack'],['T0872'],Indicator Removal on Host,adversaries may attempt to remove indicators of their presence on a system in an effort to cover their tracks  in cases where an adversary may feel detection is imminent  they may try to overwrite  delete  or cover up changes they have made to the device 
attack-pattern--53a48c74-0025-45f4-b04a-baa853df8204,['ics-attack'],['T0877'],I/O Image,adversaries may seek to capture process values related to the inputs and outputs of a plc  during the scan cycle  a plc reads the status of all inputs and stores them in an image table   citation  nanjundaiah  vaidyanath  the image table is the plcs internal storage location where values of inputs outputs for one scan are stored while it executes the user program  after the plc has solved the entire logic program  it updates the output image table  the contents of this output image table are written to the corresponding output points in i o modules_  the input and output image tables described above make up the i o image on a plc  this image is used by the user program instead of directly interacting with physical i o   citation  spenneberg  ralf         adversaries may collect the i o image state of a plc by utilizing a devices  native  to access the memory regions directly  the collection of the plcs i o state could be used to replace values or inform future stages of an attack 
attack-pattern--56ddc820-6cfb-407f-850b-52c035d123ac,['ics-attack'],['T0815'],Denial of View,adversaries may cause a denial of view in attempt to disrupt and prevent operator oversight on the status of an ics environment  this may manifest itself as a temporary communication failure between a device and its control source  where the interface recovers and becomes available once the interference ceases    citation  michael j  assante and robert m  lee   citation  tyson macaulay    an adversary may attempt to deny operator visibility by preventing them from receiving status and reporting messages  denying this view may temporarily block and prevent operators from noticing a change in state or anomalous behavior  the environment's data and processes may still be operational  but functioning in an unintended or adversarial manner    in the maroochy shire attack  the adversary temporarily shut an investigator out of the network  preventing them from viewing the state of the system_ citation  marshall abrams july      
attack-pattern--5a2610f6-9fff-41e1-bc27-575ca20383d4,['ics-attack'],['T0871'],Execution through API,adversaries may attempt to leverage application program interfaces  apis  used for communication between control software and the hardware  specific functionality is often coded into apis which can be called by software to engage specific functions on a device or other software 
attack-pattern--5e0f75da-e108-4688-a6de-a4f07cc2cbe3,['ics-attack'],['T0862'],Supply Chain Compromise,adversaries may perform supply chain compromise to gain control systems environment access by means of infected products  software  and workflows  supply chain compromise is the manipulation of products  such as devices or software  or their delivery mechanisms before receipt by the end consumer  adversary compromise of these products and mechanisms is done for the goal of data or system compromise  once infected products are introduced to the target environment    supply chain compromise can occur at all stages of the supply chain  from manipulation of development tools and environments to manipulation of developed products and tools distribution mechanisms  this may involve the compromise and replacement of legitimate software and patches  such as on third party or vendor websites  targeting of supply chain compromise can be done in attempts to infiltrate the environments of a specific audience  in control systems environments with assets in both the it and ot networks  it is possible a supply chain compromise affecting the it environment could enable further access to the ot environment      counterfeit devices may be introduced to the global supply chain posing safety and cyber risks to asset owners and operators  these devices may not meet the safety  engineering and manufacturing requirements of regulatory bodies but may feature tagging indicating conformance with industry standards  due to the lack of adherence to standards and overall lesser quality  the counterfeit products may pose a serious safety and operational risk   citation  control global may         yokogawa identified instances in which their customers received counterfeit differential pressure transmitters using the yokogawa logo  the counterfeit transmitters were nearly indistinguishable with a semblance of functionality and interface that mimics the genuine product   citation  control global may         f secure labs analyzed the approach the adversary used to compromise victim systems with havex   citation  daavid hentunen  antti tikkanen june       the adversary planted trojanized software installers available on legitimate ics scada vendor websites  after being downloaded  this software infected the host computer with a remote access trojan  rat  
attack-pattern--5f3da2f3-91c8-4d8b-a02f-bf43a11def55,['ics-attack'],['T0854'],Serial Connection Enumeration,adversaries may perform serial connection enumeration to gather situational awareness after gaining access to devices in the ot network  control systems devices often communicate to each other via various types of serial communication mediums  these serial communications are used to facilitate informational communication  as well as commands   serial connection enumeration differs from i o module discovery  as i o modules are auxiliary systems to the main system  and devices that are connected via serial connection are normally discrete systems_  while it and ot networks may work in tandem  the exact structure of the ot network may not be discernible from the it network alone  after gaining access to a device on the ot network  an adversary may be able to enumerate the serial connections  from this perspective  the adversary can see the specific physical devices to which the compromised device is connected to  this gives the adversary greater situational awareness and can influence the actions that the adversary can take in an attack 
attack-pattern--5fa00fdd-4a55-4191-94a0-564181d7fec2,['ics-attack'],['T0880'],Loss of Safety,adversaries may compromise safety system functions designed to maintain safe operation of a process when unacceptable or dangerous conditions occur  safety systems are often composed of the same elements as control systems but have the sole purpose of ensuring the process fails in a predetermined safe manner    many unsafe conditions in process control happen too quickly for a human operator to react to  speed is critical in correcting these conditions to limit serious impacts such as loss of control and property damage    adversaries may target and disable safety system functions as a prerequisite to subsequent attack execution or to allow for future unsafe conditionals to go unchecked  detection of a loss of safety by operators can result in the shutdown of a process due to strict policies regarding safety systems  this can cause a loss of productivity and revenue and may meet the technical goals of adversaries seeking to cause process disruptions 
attack-pattern--63b6942d-8359-4506-bfb3-cf87aa8120ee,['ics-attack'],['T0828'],Loss of Productivity and Revenue,adversaries may cause loss of productivity and revenue through disruption and even damage to the availability and integrity of control system operations  devices  and related processes  this technique may manifest as a direct effect of an ics targeting attack or tangentially  due to an it targeting attack against non segregated environments    in cases where these operations or services are brought to a halt  the loss of productivity may eventually present an impact for the end users or consumers of products and services  the disrupted supply chain may result in supply shortages and increased prices  among other consequences    a ransomware attack on an australian beverage company resulted in the shutdown of some manufacturing sites  including precautionary halts to protect key systems   citation  paganini  pierluigi june       the company announced the potential for temporary shortages of their products following the attack   citation  paganini  pierluigi june        citation  lion corporation june         in the      colonial pipeline ransomware incident  the pipeline was unable to transport approximately  _  million barrels of fuel per day to the east coast    citation  colonial pipeline company may      
attack-pattern--648f995e-9c3a-41e4-aeee-98bb41037426,['ics-attack'],['T0865'],Spearphishing Attachment,adversaries may use a spearphishing attachment  a variant of spearphishing  as a form of a social engineering attack against specific targets  spearphishing attachments are different from other forms of spearphishing in that they employ malware attached to an email  all forms of spearphishing are electronically delivered and target a specific individual  company  or industry  in this scenario  adversaries attach a file to the spearphishing email and usually rely upon  user  to gain execution and access   citation  enterprise att ck october         a chinese spearphishing campaign running from december         through february           targeted ong organizations and their employees  the emails were constructed with a high level of sophistication to convince employees to open the malicious file attachments   citation  cisa aa      a pipeline intrusion july      
attack-pattern--7374ab87-0782-41f8-b415-678c0950bb2a,['ics-attack'],['T0825'],Location Identification,adversaries may perform location identification using device data to inform operations and targeted impact for attacks  location identification data can come in a number of forms  including geographic location  location relative to other control system devices  time zone  and current time  an adversary may use an embedded global positioning system  gps  module in a device to figure out the physical coordinates of a device  nist sp       recommends that devices utilize gps or another location determining mechanism to attach appropriate timestamps to log entries  citation  guidance   nist sp         while this assists in logging and event tracking  an adversary could use the underlying positioning mechanism to determine the general location of a device  an adversary can also infer the physical location of serially connected devices by using serial connection enumeration    an adversary attempt to attack and cause impact could potentially affect other control system devices in close proximity  device local time and time zone settings can also provide adversaries a rough indicator of device location  when specific geographic identifiers cannot be determined from the system 
attack-pattern--7830cfcf-b268-4ac0-a69e-73c6affbae9a,['ics-attack'],['T0817'],Drive-by Compromise,adversaries may gain access to a system during a drive by compromise  when a user visits a website as part of a regular browsing session  with this technique  the user's web browser is targeted and exploited simply by visiting the compromised website    the adversary may target a specific community  such as trusted third party suppliers or other industry specific groups  which often visit the target website  this kind of targeted attack relies on a common interest  and is known as a strategic web compromise or watering hole attack    the national cyber awareness system  ncas  has issued a technical alert  ta  regarding russian government cyber activity targeting critical infrastructure sectors   citation  cybersecurity   infrastructure security agency march       analysis by dhs and fbi has noted two distinct categories of victims in the dragonfly campaign on the western energy sector  staging and intended targets  the adversary targeted the less secure networks of staging targets  including trusted third party suppliers and related peripheral organizations  initial access to the intended targets used watering hole attacks to target process control  ics  and critical infrastructure related trade publications and informational websites 
attack-pattern--83ebd22f-b401-4d59-8219-2294172cf916,['ics-attack'],['T0879'],Damage to Property,adversaries may cause damage and destruction of property to infrastructure  equipment  and the surrounding environment when attacking control systems  this technique may result in device and operational equipment breakdown  or represent tangential damage from other techniques used in an attack  depending on the severity of physical damage and disruption caused to control processes and systems  this technique may result in  loss of  operations that result in  loss of  may also cause damage to property  which may be directly or indirectly motivated by an adversary seeking to cause impact in the form of  loss of productivity and    in the maroochy shire attack  the adversary gained remote computer access to the control system and altered data so that whatever function should have occurred at affected pumping stations did not occur or occurred in a different way  this ultimately led to         liters of raw sewage being spilled out into the community  the raw sewage affected local parks  rivers  and even a local hotel  this resulted in harm to marine life and produced a sickening stench from the community's now blackened rivers_ citation  marshall abrams july        the german federal office for information security  bsi  reported a targeted attack on a steel mill under an incidents affecting business section of its      it security report   citation  bsi state of it security        these targeted attacks affected industrial operations and resulted in breakdowns of control system components and even entire installations  as a result of these breakdowns  massive impact and damage resulted from the uncontrolled shutdown of a blast furnace    a polish student used a remote controller device to interface with the lodz city tram system in poland   citation  john bill may        citation  shelley smith february        citation  bruce schneier january       using this remote  the student was able to capture and replay legitimate tram signals  this resulted in damage to impacted trams  people  and the surrounding property  reportedly  four trams were derailed and were forced to make emergency stops   citation  shelley smith february       commands issued by the student may have also resulted in tram collisions  causing harm to those on board and the environment outside   citation  bruce schneier january      
attack-pattern--8535b71e-3c12-4258-a4ab-40257a1becc4,['ics-attack'],['T0856'],Spoof Reporting Message,adversaries may spoof reporting messages in control system environments for evasion and to impair process control  in control systems  reporting messages contain telemetry data  e_g_  i o values  pertaining to the current state of equipment and the industrial process  reporting messages are important for monitoring the normal operation of a system or identifying important events such as deviations from expected values    if an adversary has the ability to spoof reporting messages  they can impact the control system in many ways  the adversary can spoof reporting messages that state that the process is operating normally  as a form of evasion  the adversary could also spoof reporting messages to make the defenders and operators think that other errors are occurring in order to distract them from the actual source of a problem   citation  bonnie zhu  anthony joseph  shankar sastry         in the maroochy shire attack  the adversary used a dedicated analog two way radio system to send false data and instructions to pumping stations and the central computer_ citation  marshall abrams july      
attack-pattern--85a45294-08f1-4539-bf00-7da08aa7b0ee,['ics-attack'],['T0866'],Exploitation of Remote Services,adversaries may exploit a software vulnerability to take advantage of a programming error in a program  service  or within the operating system software or kernel itself to enable remote service abuse  a common goal for post compromise exploitation of remote services is for initial access into and lateral movement throughout the ics environment to enable access to targeted systems   citation  enterprise att ck   ics asset owners and operators have been affected by ransomware  or disruptive malware masquerading as ransomware  migrating from enterprise it to ics environments  wannacry  notpetya  and badrabbit  in each of these cases  self propagating  wormable  malware initially infected it networks  but through exploit  particularly the smbv  targeting ms       vulnerability  spread to industrial networks  producing significant impacts   citation  joe slowik april      
attack-pattern--8bb4538f-f16f-49f0-a431-70b5444c7349,['ics-attack'],['T0812'],Default Credentials,adversaries may leverage manufacturer or supplier set default credentials on control system devices  these default credentials may have administrative permissions and may be necessary for initial configuration of the device  it is general best practice to change the passwords for these accounts as soon as possible  but some manufacturers may have devices that have passwords or usernames that cannot be changed   citation  keith stouffer may        default credentials are normally documented in an instruction manual that is either packaged with the device  published online through official means  or published online through unofficial means  adversaries may leverage default credentials that have not been properly modified or disabled 
attack-pattern--8d2f3bab-507c-4424-b58b-edc977bd215c,['ics-attack'],['T0822'],External Remote Services,adversaries may leverage external remote services as a point of initial access into your network  these services allow users to connect to internal network resources from external locations  examples are vpns  citrix  and other access mechanisms  remote service gateways often manage connections and credential authentication for these services   citation  daniel oakley  travis smith  tripwire   external remote services allow administration of a control system from outside the system  often  vendors and internal engineering groups have access to external remote services to control system networks via the corporate network  in some cases  this access is enabled directly from the internet  while remote access enables ease of maintenance when a control system is in a remote area  compromise of remote access solutions is a liability  the adversary may use these services to gain access to and execute attacks against a control system network  access to valid accounts is often a requirement    as they look for an entry point into the control system network  adversaries may begin searching for existing point to point vpn implementations at trusted third party networks or through remote support employee connections where split tunneling is enabled   citation  electricity information sharing and analysis center  sans industrial control systems march        in the maroochy shire attack  the adversary gained remote computer access to the system over radio_ citation  marshall abrams july      
attack-pattern--8e7089d3-fba2-44f8-94a8-9a79c53920c4,['ics-attack'],['T0806'],Brute Force I/O,adversaries may repetitively or successively change i o point values to perform an action  brute force i o may be achieved by changing either a range of i o point values or a single point value repeatedly to manipulate a process function  the adversarys goal and the information they have about the target environment will influence which of the options they choose  in the case of brute forcing a range of point values  the adversary may be able to achieve an impact without targeting a specific point  in the case where a single point is targeted  the adversary may be able to generate instability on the process function associated with that particular point    adversaries may use brute force i o to cause failures within various industrial processes  these failures could be the result of wear on equipment or damage to downstream equipment 
attack-pattern--94f042ae-3033-4a8d-9ec3-26396533a541,['ics-attack'],['T0870'],Detect Program State,adversaries may seek to gather information about the current state of a program on a plc  state information reveals information about the program  including whether it's running  halted  stopped  or has generated an exception  this information may be leveraged as a verification of malicious program execution or to determine if a plc is ready to download a new program 
attack-pattern--9a505987-ab05-4f46-a9a6-6441442eec3b,['ics-attack'],['T0830'],Adversary-in-the-Middle,adversaries with privileged network access may seek to modify network traffic in real time using adversary in the middle  aitm  attacks   citation  gabriel sanchez october       this type of attack allows the adversary to intercept traffic to and or from a particular device on the network  if a aitm attack is established  then the adversary has the ability to block  log  modify  or inject traffic into the communication stream  there are several ways to accomplish this attack  but some of the most common are address resolution protocol  arp  poisoning and the use of a proxy   citation  bonnie zhu  anthony joseph  shankar sastry          an aitm attack may allow an adversary to perform the following attacks     block reporting   spoof reporting   modify   unauthorized command
attack-pattern--9f947a1c-3860-48a8-8af0-a2dfa3efde03,['ics-attack'],['T0820'],Exploitation for Evasion,adversaries may exploit a software vulnerability to take advantage of a programming error in a program  service  or within the operating system software or kernel itself to evade detection  vulnerabilities may exist in software that can be used to disable or circumvent security features     adversaries may have prior knowledge through  remote system information  about security features implemented on control devices  these device security features will likely be targeted directly for exploitation  there are examples of firmware ram rom consistency checks on control devices being targeted by adversaries to enable the installation of malicious  system
attack-pattern--a81696ef-c106-482c-8f80-59c30f2569fb,['ics-attack'],['T0827'],Loss of Control,adversaries may seek to achieve a sustained loss of control or a runaway condition in which operators cannot issue any commands even if the malicious interference has subsided    citation  michael j  assante and robert m  lee   citation  tyson macaulay   the german federal office for information security  bsi  reported a targeted attack on a steel mill in its      it security report_ citation  bsi state of it security       these targeted attacks affected industrial operations and resulted in breakdowns of control system components and even entire installations  as a result of these breakdowns  massive impact resulted in damage and unsafe conditions from the uncontrolled shutdown of a blast furnace 
attack-pattern--a8cfd474-9358-464f-a169-9c6f099a8e8a,['ics-attack'],['T0875'],Change Program State,adversaries may attempt to change the state of the current program on a control device  program state changes may be used to allow for another program to take over control or be loaded onto the device 
attack-pattern--ab390887-afc0-4715-826d-b1b167d522ae,['ics-attack'],['T0874'],Hooking,adversaries may hook into application programming interface  api  functions used by processes to redirect calls for execution and privilege escalation means  windows processes often leverage these api functions to perform tasks that require reusable system resources  windows api functions are typically stored in dynamic link libraries  dlls  as exported functions   citation  enterprise att ck   one type of hooking seen in ics involves redirecting calls to these functions via import address table  iat  hooking  iat hooking uses modifications to a processs iat  where pointers to imported api functions are stored   citation  nicolas falliere  liam o murchu  eric chien february      
attack-pattern--abb0a255-eb9c-48d0-8f5c-874bb84c0e45,['ics-attack'],['T0808'],Control Device Identification,adversaries may perform control device identification to determine the make and model of a target device  management software and device apis may be utilized by the adversary to gain this information  by identifying and obtaining device specifics  the adversary may be able to determine device vulnerabilities  this device information can also be used to understand device functionality and inform the decision to target the environment 
attack-pattern--ae62fe1a-ea1a-479b-8dc0-65d250bd8bc7,['ics-attack'],['T0844'],Program Organization Units,program organizational units  pous  are block structures used within plc programming to create programs and projects   citation  guidance   iec       pous can be used to hold user programs written in iec         languages  structured text  instruction list  function block  and ladder logic   citation  guidance   iec       application          they can also provide additional functionality  such as establishing connections between the plc and other devices using tcon   citation  plcblaster   spenneberg     stuxnet uses a simple code prepending infection technique to infect organization blocks  ob   for example  the following sequence of actions is performed when ob  is infected   citation  stuxnet   symantec             increase the size of the original block_  write malicious code to the beginning of the block_  insert the original ob  code after the malicious code 
attack-pattern--b0628bfc-5376-4a38-9182-f324501cb4cf,['ics-attack'],['T0823'],Graphical User Interface,adversaries may attempt to gain access to a machine via a graphical user interface  gui  to enhance execution capabilities  access to a gui allows a user to interact with a computer in a more visual manner than a cli  a gui allows users to move a cursor and click on interface objects  with a mouse and keyboard as the main input devices  as opposed to just using the keyboard_  if physical access is not an option  then access might be possible via protocols such as vnc on linux based and unix based operating systems  and rdp on windows operating systems  an adversary can use this access to execute programs and applications on the target machine 
attack-pattern--b14395bd-5419-4ef4-9bd8-696936f509bb,['ics-attack'],['T0848'],Rogue Master,adversaries may setup a rogue master to leverage control server functions to communicate with outstations  a rogue master can be used to send legitimate control messages to other control system devices  affecting processes in unintended ways  it may also be used to disrupt network communications by capturing and receiving the network traffic meant for the actual master  impersonating a master may also allow an adversary to avoid detection    in the maroochy shire attack  the adversary falsified network addresses in order to send false data and instructions to pumping stations_ citation  marshall abrams july        in the case of the      dallas siren incident  adversaries used a rogue master to send command messages to the     distributed sirens across the city  either through a single rogue transmitter with a strong signal  or using many distributed repeaters   citation  bastille april        citation  zack whittaker april      
attack-pattern--b52870cc-83f3-473c-b895-72d91751030b,['ics-attack'],['T0834'],Native API,adversaries may directly interact with the native os application programming interface  api  to access system functions  native apis provide a controlled means of calling low level os services within the kernel  such as those involving hardware devices  memory  and processes   citation  the mitre corporation may       these native apis are leveraged by the os during system boot  when other system components are not yet initialized  as well as carrying out tasks and requests during routine operations    functionality provided by native apis are often also exposed to user mode applications via interfaces and libraries  for example  functions such as memcpy and direct operations on memory registers can be used to modify user and system memory space 
attack-pattern--b5b9bacb-97f2-4249-b804-47fd44de1f95,['ics-attack'],['T0826'],Loss of Availability,adversaries may attempt to disrupt essential components or systems to prevent owner and operator from delivering products or services    citation  michael j  assante and robert m  lee   citation  tyson macaulay    adversaries may leverage malware to delete or encrypt critical data on hmis  workstations  or databases_  in the      colonial pipeline ransomware incident  pipeline operations were temporally halted on may  th and were not fully restarted until may   th   citation  colonial pipeline company may      
attack-pattern--b7e13ee8-182c-4f19-92a4-a88d7d855d54,['ics-attack'],['T0882'],Theft of Operational Information,adversaries may steal operational information on a production environment as a direct mission outcome for personal gain or to inform future operations  this information may include design documents  schedules  rotational data  or similar artifacts that provide insight on operations     in the bowman dam incident  adversaries probed systems for operational data   citation  mark thompson march        citation  danny yadron december      
attack-pattern--b9160e77-ea9e-4ba9-b1c8-53a3c466b13d,['ics-attack'],['T0857'],System Firmware,system firmware on modern assets is often designed with an update feature  older device firmware may be factory installed and require special reprograming equipment  when available  the firmware update feature enables vendors to remotely patch bugs and perform upgrades  device firmware updates are often delegated to the user and may be done using a software update package  it may also be possible to perform this task over the network    an adversary may exploit the firmware update feature on accessible devices to upload malicious or out of date firmware  malicious modification of device firmware may provide an adversary with root access to a device  given firmware is one of the lowest programming abstraction layers   citation  basnight  zachry  et al_ 
attack-pattern--ba203963-3182-41ac-af14-7e7ebc83cd61,['ics-attack'],['T0849'],Masquerading,adversaries may use masquerading to disguise a malicious application or executable as another file  to avoid operator and engineer suspicion  possible disguises of these masquerading files can include commonly found programs  expected vendor executables and configuration files  and other commonplace application and naming conventions  by impersonating expected and vendor relevant files and applications  operators and engineers may not notice the presence of the underlying malicious content and possibly end up running those masquerading as legitimate functions    applications and other files commonly found on windows systems or in engineering workstations have been impersonated before  this can be as simple as renaming a file to effectively disguise it in the ics environment 
attack-pattern--be69c571-d746-4b1f-bdd0-c0c9817e9068,['ics-attack'],['T0843'],Program Download,adversaries may perform a program download to transfer a user program to a controller    variations of program download  such as online edit and program append  allow a controller to continue running during the transfer and reconfiguration process without interruption to process control  however  before starting a full program download  i_e_  download all  a controller may need to go into a stop state  this can have negative consequences on the physical process  especially if the controller is not able to fulfill a time sensitive action  adversaries may choose to avoid a download all in favor of an online edit or program append to avoid disrupting the physical process  an adversary may need to use the technique detect operating mode or change operating mode to make sure the controller is in the proper mode to accept a program download_  the granularity of control to transfer a user program in whole or parts is dictated by the management protocol  e_g_  s commplus  tristation  and underlying controller api  thus  program download is a high level term for the suite of vendor specific api calls used to configure a controllers user program memory space      modify controller  and  modify  represent the configuration changes that are transferred to a controller via a program download 
attack-pattern--c267bbee-bb59-47fe-85e0-3ed210337c21,['ics-attack'],['T0847'],Replication Through Removable Media,adversaries may move onto systems  such as those separated from the enterprise network  by copying malware to removable media which is inserted into the control systems environment  the adversary may rely on unknowing trusted third parties  such as suppliers or contractors with access privileges  to introduce the removable media  this technique enables initial access to target devices that never connect to untrusted networks  but are physically accessible        operators of the german nuclear power plant  gundremmingen  discovered malware on a facility computer not connected to the internet   citation  kernkraftwerk gundremmingen april        citation  trend micro april       the malware included conficker and w  _ramnit  which were also found on eighteen removable disk drives in the facility   citation  christoph steitz  eric auchard april        citation  catalin cimpanu april        citation  peter dockrill april        citation  lee mathews april        citation  sean gallagher april        citation  dark reading staff april       the plant has since checked for infection and cleaned up more than       computers   citation  bbc april       an eset researcher commented that internet disconnection does not guarantee system safety from infection or payload execution   citation  eset april      
attack-pattern--c5e3cdbc-0387-4be9-8f83-ff5c0865f377,['ics-attack'],['T0852'],Screen Capture,adversaries may attempt to perform screen capture of devices in the control system environment  screenshots may be taken of workstations  hmis  or other devices that display environment relevant process  device  reporting  alarm  or related data  these device displays may reveal information regarding the ics process  layout  control  and related schematics  in particular  an hmi can provide a lot of important industrial process information   citation  ics cert october       analysis of screen captures may provide the adversary with an understanding of intended operations and interactions between critical devices 
attack-pattern--c9a8d958-fcdb-40d2-af4c-461c8031651a,['ics-attack'],['T0891'],Hardcoded Credentials,adversaries may leverage credentials that are hardcoded in software or firmware to gain an unauthorized interactive user session to an asset  examples credentials that may be hardcoded in an asset include     username passwords   cryptographic keys certificates   api tokens  unlike  default  these credentials are built into the system in a way that they either cannot be changed by the asset owner  or may be infeasible to change because of the impact it would cause to the control system operation  these credentials may be reused across whole product lines or device models and are often not published or known to the owner and operators of the asset    adversaries may utilize these hardcoded credentials to move throughout the control system environment or provide reliable access for their tools to interact with industrial assets 
attack-pattern--cd2c76a4-5e23-4ca5-9c40-d5e0604f7101,['ics-attack'],['T0859'],Valid Accounts,adversaries may steal the credentials of a specific user or service account using credential access techniques  in some cases  default credentials for control system devices may be publicly available  compromised credentials may be used to bypass access controls placed on various resources on hosts and within the network  and may even be used for persistent access to remote systems  compromised and default credentials may also grant an adversary increased privilege to specific systems and devices or access to restricted areas of the network  adversaries may choose not to use malware or tools  in conjunction with the legitimate access those credentials provide  to make it harder to detect their presence or to control devices and send legitimate commands in an unintended way    adversaries may also create accounts  sometimes using predefined account names and passwords  to provide a means of backup access for persistence   citation  booz allen hamilton    the overlap of credentials and permissions across a network of systems is of concern because the adversary may be able to pivot across accounts and systems to reach a high level of access  i_e_  domain or enterprise administrator   and possibly between the enterprise and operational technology environments  adversaries may be able to leverage valid credentials from one system to gain access to another system 
attack-pattern--cfe68e93-ce94-4c0f-a57d-3aa72cedd618,['ics-attack'],['T0890'],Exploitation for Privilege Escalation,adversaries may exploit software vulnerabilities in an attempt to elevate privileges  exploitation of a software vulnerability occurs when an adversary takes advantage of a programming error in a program  service  or within the operating system software or kernel itself to execute adversary controlled code  security constructs such as permission levels will often hinder access to information and use of certain techniques  so adversaries will likely need to perform privilege escalation to include use of software exploitation to circumvent those restrictions   citation  the mitre corporation    when initially gaining access to a system  an adversary may be operating within a lower privileged process which will prevent them from accessing certain resources on the system  vulnerabilities may exist  usually in operating system components and software commonly running at higher permissions  that can be exploited to gain higher levels of access on the system  this could enable someone to move from unprivileged or user level permissions to system or root permissions depending on the component that is vulnerable  this may be a necessary step for an adversary compromising an endpoint system that has been properly configured and limits other privilege escalation methods   citation  the mitre corporation 
attack-pattern--d5a69cfb-fc2a-46cb-99eb-74b236db5061,['ics-attack'],['T0846'],Remote System Discovery,adversaries may attempt to get a listing of other systems by ip address  hostname  or other logical identifier on a network that may be used for subsequent lateral movement or discovery techniques  functionality could exist within adversary tools to enable this  but utilities available on the operating system or vendor software could also be used   citation  enterprise att ck january      
attack-pattern--d614a9cf-18eb-4800-81e4-ab8ddf0baa73,['ics-attack'],['T0818'],Engineering Workstation Compromise,adversaries will compromise and gain control of an engineering workstation for initial access into the control system environment  access to an engineering workstation may occur through or physical means  such as a valid accounts with privileged access or infection by removable media  a dual homed engineering workstation may allow the adversary access into multiple networks  for example  unsegregated process control  safety system  or information system networks  an engineering workstation is designed as a reliable computing platform that configures  maintains  and diagnoses control system equipment and applications  compromise of an engineering workstation may provide access to  and control of  other control system applications and equipment  in the maroochy attack  the adversary utilized a computer  possibly stolen  with proprietary engineering software to communicate with a wastewater system 
attack-pattern--d67adac8-e3b9-44f9-9e6d-6c2a7d69dbe4,['ics-attack'],['T0884'],Connection Proxy,adversaries may use a connection proxy to direct network traffic between systems or act as an intermediary for network communications_  the definition of a proxy can also be expanded to encompass trust relationships between networks in peer to peer  mesh  or trusted connections between networks consisting of hosts or systems that regularly communicate with each other_  the network may be within a single organization or across multiple organizations with trust relationships  adversaries could use these types of relationships to manage command and control communications  to reduce the number of simultaneous outbound network connections  to provide resiliency in the face of connection loss  or to ride over existing trusted communications paths between victims to avoid suspicion   citation  enterprise att ck january      
attack-pattern--e076cca8-2f08-45c9-aff7-ea5ac798b387,['ics-attack'],['T0869'],Standard Application Layer Protocol,adversaries may establish command and control capabilities over commonly used application layer protocols such as http s   opc  rdp  telnet  dnp   and modbus  these protocols may be used to disguise adversary actions as benign network traffic  standard protocols may be seen on their associated port or in some cases over a non standard port   adversaries may use these protocols to reach out of the network for command and control  or in some cases to other infected devices within the network 
attack-pattern--e0d74479-86d2-465d-bf36-903ebecef43e,['ics-attack'],['T0833'],Modify Control Logic,adversaries may place malicious code in a system  which can cause the system to malfunction by modifying its control logic  control system devices use programming languages  e_g  relay ladder logic  to control physical processes by affecting actuators  which cause machines to operate  based on environment sensor readings  these devices often include the ability to perform remote control logic updates    program code is normally edited in a vendor specific integrated development environment  ide  that relies on proprietary tools and features  these ides allow an engineer to perform host target development and may have the ability to run the code on the machine it is programmed for  the ide will transmit the control logic to the testing device  and will perform the required device specific functions to apply the changes and make them active_  an adversary may attempt to use this host target ide to modify device control logic  even though proprietary tools are often used to edit and update control logic  the process can usually be reverse engineered and reproduced with open source tools_  an adversary can de calibrate a sensor by removing functions in control logic that account for sensor error  this can be used to change a control process without actually spoofing command messages to a controller or device    it is believed this process happened in the lesser known over pressurizer attacks build into stuxnet  pressure sensors are not perfect at translating pressure into an analog output signal  but their errors can be corrected by calibration  the pressure controller can be told what the  real  pressure is for given analog signals and then automatically linearize the measurement to what would be the  real  pressure  if the linearization is overwritten by malicious code on the s      controller  analog pressure readings will be  corrected  during the attack by the pressure controller  which then interprets all analog pressure readings as perfectly normal pressure no matter how high or low their analog values are  the pressure controller then acts accordingly by never opening the stage exhaust valves  in the meantime  actual pressure keeps rising   citation  stuxnet   langner            in the maroochy attack  vitek boden gained remote computer access to the control system and altered data so that whatever function should have occurred at affected pumping stations did not occur or occurred in a different way  the software program installed in the laptop was one developed by hunter watertech for its use in changing configurations in the pds computers  this ultimately led to         liters of raw sewage being spilled out into the community   citation  maroochy   mitre          
attack-pattern--e1f9cdd2-9511-4fca-90d7-f3e92cfdd0bf,['ics-attack'],['T0886'],Remote Services,adversaries may leverage remote services to move between assets and network segments  these services are often used to allow operators to interact with systems remotely within the network  some examples are rdp  smb  ssh  and other similar mechanisms   citation  blake johnson  dan caban  marina krotofil  dan scali  nathan brubaker  christopher glyer december        citation  dragos december        citation  joe slowik april         remote services could be used to support remote access  data transmission  authentication  name resolution  and other remote functions  further  remote services may be necessary to allow operators and administrators to configure systems within the network from their engineering or management workstations  an adversary may use this technique to access devices which may be dual homed  citation  blake johnson  dan caban  marina krotofil  dan scali  nathan brubaker  christopher glyer december       to multiple network segments  and can be used for  program  or to execute attacks on control devices directly through  valid   specific remote services  rdp   vnc  may be a precursor to enable  graphical user  execution on devices such as hmis or engineering workstation software_  based on incident data  cisa and fbi assessed that chinese state sponsored actors also compromised various authorized remote access channels  including systems designed to transfer data and or allow access between corporate and ics networks    citation  cisa aa      a pipeline intrusion july      
attack-pattern--e2994b6a-122b-4043-b654-7411c5198ec0,['ics-attack'],['T0824'],I/O Module Discovery,adversaries may use input output  i o  module discovery to gather key information about a control system device  an i o module is a device that allows the control system device to either receive or send signals to other devices  these signals can be analog or digital  and may support a number of different protocols  devices are often able to use attachable i o modules to increase the number of inputs and outputs that it can utilize  an adversary with access to a device can use native device functions to enumerate i o modules that are connected to the device  information regarding the i o modules can aid the adversary in understanding related control processes 
attack-pattern--e33c7ecc-5a38-497f-beb2-a9a2049a4c20,['ics-attack'],['T0813'],Denial of Control,adversaries may cause a denial of control to temporarily prevent operators and engineers from interacting with process controls  an adversary may attempt to deny process control access to cause a temporary loss of communication with the control device or to prevent operator adjustment of process controls  an affected process may still be operating during the period of control loss  but not necessarily in a desired state    citation  michael j  assante and robert m  lee   citation  tyson macaulay   in the maroochy shire attack  the adversary temporarily shut an investigator out of the network preventing them from issuing any controls_ citation  marshall abrams july        in the      dallas siren incident operators were unable to disable the false alarms from the office of emergency management headquarters   citation  mark loveless april      
attack-pattern--e5de767e-f513-41cd-aa15-33f6ce5fbf92,['ics-attack'],['T0838'],Modify Alarm Settings,adversaries may modify alarm settings to prevent alerts that may inform operators of their presence or to prevent responses to dangerous and unintended scenarios  reporting messages are a standard part of data acquisition in control systems  reporting messages are used as a way to transmit system state information and acknowledgements that specific actions have occurred  these messages provide vital information for the management of a physical process  and keep operators  engineers  and administrators aware of the state of system devices and physical processes    if an adversary is able to change the reporting settings  certain events could be prevented from being reported  this type of modification can also prevent operators or devices from performing actions to keep the system in a safe state  if critical reporting messages cannot trigger these actions then a  could occur    in ics environments  the adversary may have to use  alarm  or contend with multiple alarms and or alarm propagation to achieve a specific goal to evade detection or prevent intended responses from occurring   citation  jos wetzels  marina krotofil        methods of suppression often rely on modification of alarm settings  such as modifying in memory code to fixed values or tampering with assembly level instruction code    in the maroochy shire attack  the adversary disabled alarms at four pumping stations  this caused alarms to not be reported to the central computer_ citation  marshall abrams july      
attack-pattern--e6c31185-8040-4267-83d3-b217b8a92f07,['ics-attack'],['T0885'],Commonly Used Port,adversaries may communicate over a commonly used port to bypass firewalls or network detection systems and to blend in with normal network activity  to avoid more detailed inspection  they may use the protocol associated with the port  or a completely different protocol  they may use commonly open ports  such as the examples provided below        tcp     http      tcp      https      tcp udp     dns      tcp            opc on xp win k       tcp              opc on vista and later      tcp     telnet      udp      snmp      tcp      modbus      tcp      s comm iso tsap      tcp        dnp       tcp        ethernet ip 
attack-pattern--e72425f8-9ae6-41d3-bfdb-e1b865e60722,['ics-attack'],['T0873'],Project File Infection,adversaries may attempt to infect project files with malicious code  these project files may consist of objects  program organization units  variables such as tags  documentation  and other configurations needed for plc programs to function   using built in functions of the engineering software  adversaries may be able to download an infected program to a plc in the operating environment enabling further  and  techniques     adversaries may export their own code into project files with conditions to execute at specific intervals   citation  nicolas falliere  liam o murchu  eric chien february       malicious programs allow adversaries control of all aspects of the process enabled by the plc  once the project file is downloaded to a plc the workstation device may be disconnected with the infected project file still executing 
attack-pattern--ea0c980c-5cf0-43a7-a049-59c4c207566e,['ics-attack'],['T0840'],Network Connection Enumeration,adversaries may perform network connection enumeration to discover information about device communication patterns  if an adversary can inspect the state of a network connection with tools  such as netstat  in conjunction with  system  then they can determine the role of certain devices on the network    the adversary can also use  network  to watch network traffic for details about the source  destination  protocol  and content 
attack-pattern--ead7bd34-186e-4c79-9a4d-b65bcce6ed9d,['ics-attack'],['T0867'],Lateral Tool Transfer,adversaries may transfer tools or other files from one system to another to stage adversary tools or other files over the course of an operation   citation  enterprise att ck  copying of files may also be performed laterally between internal victim systems to support lateral movement with remote execution using inherent file sharing protocols such as file sharing over smb to connected network shares   citation  enterprise att ck   in control systems environments  malware may use smb and other file sharing protocols to move laterally through industrial networks 
attack-pattern--efbf7888-f61b-4572-9c80-7e2965c60707,['ics-attack'],['T0839'],Module Firmware,adversaries may install malicious or vulnerable firmware onto modular hardware devices  control system devices often contain modular hardware devices  these devices may have their own set of firmware that is separate from the firmware of the main control system equipment      this technique is similar to  system  but is conducted on other system components that may not have the same capabilities or level of integrity checking  although it results in a device re image  malicious device firmware may provide persistent access to remaining devices   citation  daniel peck   dale peterson january          an easy point of access for an adversary is the ethernet card  which may have its own cpu  ram  and operating system  the adversary may attack and likely exploit the computer on an ethernet card  exploitation of the ethernet card computer may enable the adversary to accomplish additional attacks  such as the following   citation  daniel peck   dale peterson january            delayed attack   the adversary may stage an attack in advance and choose when to launch it  such as at a particularly damaging time      brick the ethernet card   malicious firmware may be programmed to result in an ethernet card failure  requiring a factory return      random attack or failure   the adversary may load malicious firmware onto multiple field devices  execution of an attack and the time it occurs is generated by a pseudo random number generator       a field device worm   the adversary may choose to identify all field devices of the same model  with the end goal of performing a device wide compromise      attack other cards on the field device   although it is not the most important module in a field device  the ethernet card is most accessible to the adversary and malware  compromise of the ethernet card may provide a more direct route to compromising other modules  such as the cpu module 
attack-pattern--f8df6b57-14bc-425f-9a91-6f59f6799307,['ics-attack'],['T0883'],Internet Accessible Device,adversaries may gain access into industrial environments through systems exposed directly to the internet for remote access rather than through  external remote  internet accessible devices are exposed to the internet unintentionally or intentionally without adequate protections  this may allow for adversaries to move directly into the control system network  access onto these devices is accomplished without the use of exploits  these would be represented within the  exploit public facing  technique_  adversaries may leverage built in functions for remote access which may not be protected or utilize minimal legacy protections that may be targeted   citation  nccic january       these services may be discoverable through the use of online scanning tools    in the case of the bowman dam incident  adversaries leveraged access to the dam control network through a cellular modem  access to the device was protected by password authentication  although the application was vulnerable to brute forcing   citation  nccic january        citation  danny yadron december        citation  mark thompson march        in trend micros manufacturing deception operations adversaries were detected leveraging direct internet access to an ics environment through the exposure of operational protocols such as siemens s   omron fins  and ethernet ip  in addition to misconfigured vnc access   citation  stephen hilt  federico maggi  charles perine  lord remorin  martin rsler  and rainer vosseler 
attack-pattern--fc5fda7e-6b2c-4457-b036-759896a2efa2,['ics-attack'],['T0889'],Modify Program,adversaries may modify or add a program on a controller to affect how it interacts with the physical process  peripheral devices and other hosts on the network  modification to controller programs can be accomplished using a program download in addition to other types of program modification such as online edit and program append    program modification encompasses the addition and modification of instructions and logic contained in program organization units  pou    citation  iec february       and similar programming elements found on controllers  this can include  for example  adding new functions to a controller  modifying the logic in existing functions and making new calls from one function to another    some programs may allow an adversary to interact directly with the native api of the controller to take advantage of obscure features or vulnerabilities 
